name,number,timedelay,timestamp
arun,1,0,19:08:23
arun,3,1,19:08:24
arun,4,1,19:08:25
arun,5,1,19:08:26
arun,7,1,19:08:27
arun,8,1,19:08:28
arun,9,1,19:08:29
arun,6,1,19:08:30
arun,3,2,19:08:32
arun,0,1,19:08:33
arun,1,1,19:08:34
arun,4,1,19:08:35
arun,5,1,19:08:36
arun,7,1,19:08:37
arun,3,2,19:08:39
arun,6,0,19:08:39
arun,9,1,19:08:40
arun,2,2,19:08:42
arun,5,1,19:08:43
arun,8,1,19:08:44
arun,0,1,19:08:45
arun,0,1,19:08:46
arun,1,1,19:08:47
arun,2,1,19:08:48
arun,1,2,19:08:50
arun,4,1,19:08:51
arun,7,1,19:08:52
arun,8,2,19:08:54
arun,9,1,19:08:55
arun,2,1,19:08:56
arun,3,0,19:08:56
arun,4,1,19:08:57
arun,6,1,19:08:58
arun,7,1,19:08:59
arun,5,1,19:09:00
arun,9,0,19:09:00
arun,4,1,19:09:01
arun,8,1,19:09:02
arun,3,0,19:09:02
arun,1,1,19:09:03
arun,2,1,19:09:04
arun,0,1,19:09:05
arun,6,1,19:09:06
arun,4,1,19:09:07
arun,0,0,19:09:07
arun,2,1,19:09:08
arun,9,1,19:09:09
arun,4,1,19:09:10
arun,8,1,19:09:11
arun,1,1,19:09:12
arun,3,0,19:09:12
arun,1,1,19:09:13
arun,5,1,19:09:14
arun,0,1,19:09:15
arun,0,0,19:09:15
arun,7,1,19:09:16
arun,5,1,19:09:17
arun,6,1,19:09:18
arun,4,1,19:09:19
arun,9,1,19:09:20
arun,8,1,19:09:21
arun,3,1,19:09:22
arun,1,1,19:09:23
arun,8,1,19:09:24
arun,7,1,19:09:25
arun,2,1,19:09:26
arun,1,1,19:09:27
arun,6,1,19:09:28
arun,9,2,19:09:30
arun,4,1,19:09:31
arun,7,2,19:09:33
arun,1,1,19:09:34
arun,7,1,19:09:35
arun,0,1,19:09:36
arun,3,2,19:09:38
arun,6,1,19:09:39
arun,8,1,19:09:40
arun,2,1,19:09:41
arun,5,1,19:09:42
arun,9,1,19:09:43
arun,1,1,19:09:44
arun,3,1,19:09:45
arun,4,1,19:09:46
arun,6,1,19:09:47
arun,0,1,19:09:48
arun,1,1,19:09:49
arun,5,0,19:09:49
arun,0,1,19:09:50
arun,8,1,19:09:51
arun,1,1,19:09:52
arun,0,1,19:09:53
arun,8,1,19:09:54
arun,2,2,19:09:56
arun,7,2,19:09:58
arun,3,1,19:09:59
arun,4,1,19:10:00
arun,9,1,19:10:01
arun,2,1,19:10:02
arun,7,1,19:10:03
arun,2,0,19:10:03
arun,1,1,19:10:04
arun,5,1,19:10:05
arun,9,1,19:10:06
arun,3,1,19:10:07
arun,6,1,19:10:08
arun,6,1,19:10:09
arun,0,1,19:10:10
arun,1,1,19:10:11
arun,6,0,19:10:11
arun,6,1,19:10:12
arun,5,1,19:10:13
arun,4,2,19:10:15
arun,8,1,19:10:16
arun,2,2,19:10:18
arun,1,1,19:10:19
arun,7,1,19:10:20
arun,9,1,19:10:21
arun,0,1,19:10:22
arun,3,1,19:10:23
arun,6,1,19:10:24
arun,2,1,19:10:25
arun,8,1,19:10:26
arun,7,1,19:10:27
arun,1,1,19:10:28
arun,9,1,19:10:29
arun,0,1,19:10:30
arun,2,1,19:10:31
arun,8,2,19:10:33
arun,2,1,19:10:34
arun,1,1,19:10:35
arun,0,1,19:10:36
arun,9,1,19:10:37
arun,6,1,19:10:38
arun,3,1,19:10:39
arun,7,0,19:10:39
arun,1,2,19:10:41
arun,6,1,19:10:42
arun,8,1,19:10:43
arun,7,1,19:10:44
arun,4,1,19:10:45
arun,9,1,19:10:46
arun,2,1,19:10:47
arun,1,1,19:10:48
arun,5,1,19:10:49
arun,6,1,19:10:50
arun,0,1,19:10:51
arun,5,1,19:10:52
arun,8,1,19:10:53
arun,7,1,19:10:54
arun,3,1,19:10:55
arun,9,1,19:10:56
arun,1,1,19:10:57
arun,3,1,19:10:58
arun,0,1,19:10:59
arun,7,1,19:11:00
arun,6,1,19:11:01
arun,5,1,19:11:02
arun,9,1,19:11:03
arun,1,1,19:11:04
arun,4,1,19:11:05
arun,9,1,19:11:06
arun,3,1,19:11:07
arun,8,1,19:11:08
arun,7,1,19:11:09
arun,1,1,19:11:10
arun,2,1,19:11:11
arun,5,1,19:11:12
arun,6,1,19:11:13
arun,7,1,19:11:14
